{
    "__undistort__": true,
    "camera_matrix": [
        [
            714.3769061464087,
            0.0,
            598.5337298833923
        ],
        [
            0.0,
            718.4034513749543,
            414.64012120974496
        ],
        [
            0.0,
            0.0,
            1.0
        ]
    ],
    "distortion": [
        -0.4824952424628943,
        1.4059674752924018,
        -0.02751716661089668,
        0.00550229358923442,
        -1.133479155189677
    ]
}