{
    "__undistort__": true,
    "camera_matrix": [
        [
            796.4345494919212,
            0.0,
            599.9868211077668
        ],
        [
            0.0,
            809.2568256799727,
            407.17226311432796
        ],
        [
            0.0,
            0.0,
            1.0
        ]
    ],
    "distortion": [
        -0.40049359588136785,
        1.45957479282422,
        -0.02440530001306576,
        -0.00028040750466064247,
        -1.7619894612266305
    ]
}