{
    "__undistort__": true,
    "camera_matrix": [
        [
            343.48482932426873,
            0.0,
            605.3938703519042
        ],
        [
            0.0,
            345.2203242582044,
            444.44739246975746
        ],
        [
            0.0,
            0.0,
            1.0
        ]
    ],
    "distortion": [
        -0.003609073951994043,
        -0.002719750867048638,
        -0.0034879480586716876,
        0.002790665977824752,
        0.0007516470987650315
    ]
}