{
    "__undistort__": true,
    "camera_matrix": [
        [
            5781.7,
            0.0,
            1629.78
        ],
        [
            0.0,
            11560,
            716
        ],
        [
            0.0,
            0.0,
            1.0
        ]
    ],
    "distortion": [
        -1.62377,
        28.5158,
        -0.0146979,
        0.000760384,
        -189.193
    ]
}