{
    "__undistort__": true,
    "camera_matrix": [
        [
            5325,
            0.0,
            1618.07
        ],
        [
            0.0,
            5358.2,
            1132
        ],
        [
            0.0,
            0.0,
            1.0
        ]
    ],
    "distortion": [
        -1.0396,
        9.47004,
        0.022825,
        -0.00148153,
        -35.1988
    ]
}