{
    "__plane__": true,
    "normal": [
        0.00702273,
        -0.316221,
        -0.94866
    ],
    "point": [
        0.00014062,
        -0.00633198,
        0.01899587
    ]
}