{
    "__plane__": true,
    "normal": [
        0.03988650756578915,
        -0.9397035956739589,
        -0.3396560301122845
    ],
    "point": [
        0.0,
        0.0,
        0.00853512538878121
    ]
}