{
    "__plane__": true,
    "normal": [
        0.004849308203670814,
        -0.9052293967599118,
        -0.42489554416542447
    ],
    "point": [
        0.0,
        0.0,
        0.013516217812411224
    ]
}