{
    "__plane__": true,
    "normal": [
        -0.01231563471553171,
        -0.9736569668840289,
        -0.22768494895303631
    ],
    "point": [
        0.0,
        0.0,
        0.014228519294995162
    ]
}