{
    "__plane__": true,
    "normal": [
        -0.06954820330513384,
        -0.8598895484257343,
        -0.5057202902051833
    ],
    "point": [
        0.0,
        0.0,
        -0.06730634809679638
    ]
}