{
    "__plane__": true,
    "normal": [
        -0.06508148979002489,
        -0.6337763462608772,
        -0.7707736000972812
    ],
    "point": [
        0.0,
        0.0,
        0.007973020080601334
    ]
}