{
    "__plane__": true,
    "normal": [
        0.0118674,
        -0.666044,
        -0.745818
    ],
    "point": [
        0,
        0,
        0.0198606
    ]
}