{
    "__plane__": true,
    "normal": [
        0.873959239096664,
        -0.48476359921105544,
        -0.03463381696439748
    ],
    "point": [
        0.0,
        0.0,
        -0.06892279036809151
    ]
}