{
    "__undistort__": true,
    "camera_matrix": [
        [
            6255.6025390625,
            0.0,
            1633.0029296875
        ],
        [
            0.0,
            6228.6162109375,
            1206.9075927734375
        ],
        [
            0.0,
            0.0,
            1.0
        ]
    ],
    "distortion": [
        -0.16779223084449768,
        -0.49556148052215576,
        -0.002908081514760852,
        0.002572388621047139,
        -0.24547894299030304
    ]
}