{
    "__undistort__": true,
    "camera_matrix": [
        [
            6623.5380859375,
            0.0,
            943.5831909179688
        ],
        [
            0.0,
            6590.666015625,
            1870.05419921875
        ],
        [
            0.0,
            0.0,
            1.0
        ]
    ],
    "distortion": [
        -0.24751423299312592,
        -3.7769956588745117,
        0.006053817458450794,
        -0.006226281635463238,
        24.0439453125
    ]
}